Workbook

Sheet 요약
A1: WeaponHero — 1회전 테스트 결과
A3: 테스트 목적 | B3: 1차 제출 빌드의 회귀 확인과 경계·비정상 흐름 검증
A4: 테스트 빌드 | B4: v1.0 (2026-09-03 제출본) · Windows x64
A5: 테스트 기간 | B5: 2026-09-23 ~ 2026-09-24 · 세션 8회
A6: 테스트 인원 | B6: 1명 (손주환)
A7: 테스트 환경 | B7: Windows 11 Home 24H2 · Ryzen 5 9600X · RX 9070 XT · 32GB · 2560×1440
A8: 엔진 | B8: Unity 6000.3.15f1 · URP 2D
A9: 원본 문서 | B9: docs/qa/test-cases.md · docs/qa/test-run-log.md · docs/qa/test-plan.md · docs/qa/test-steps-draft.md
A10: 생성일 | B10: 2026-09-24
A11: 테스트 스텝과 사전 조건은 2026-09-28 초안이다 — 2회전에서 수행하며 확정한다
A12: [결과] 는 최신 회차다. 1회전 결과는 [1회전 결과] 열에 남겨 같은 줄에서 수정 전후가 보이게 했다 — 집계와 그래프는 [결과] 를 센다
A13: 결과 집계
A14: 구분 | B14: 건수 | C14: 비율
A15: Pass | B15: =COUNTIF('TC 목록'!$H$2:$H$110,A15) | C15: =IFERROR(B15/$B$19,0)
A16: Fail | B16: =COUNTIF('TC 목록'!$H$2:$H$110,A16) | C16: =IFERROR(B16/$B$19,0)
A17: N/A | B17: =COUNTIF('TC 목록'!$H$2:$H$110,A17) | C17: =IFERROR(B17/$B$19,0)
A18: 미확인 | B18: =COUNTIF('TC 목록'!$H$2:$H$110,A18) | C18: =IFERROR(B18/$B$19,0)
A19: 합계 | B19: =SUM(B15:B18)
A21: 영역별
A22: 영역 | B22: 항목 | C22: Pass | D22: Fail
A23: 이동 · 점프 | B23: =COUNTIF('TC 목록'!$B$2:$B$110,$A23) | C23: =COUNTIFS('TC 목록'!$B$2:$B$110,$A23,'TC 목록'!$H$2:$H$110,"Pass") | D23: =COUNTIFS('TC 목록'!$B$2:$B$110,$A23,'TC 목록'!$H$2:$H$110,"Fail")
A24: 전투 · 피격 | B24: =COUNTIF('TC 목록'!$B$2:$B$110,$A24) | C24: =COUNTIFS('TC 목록'!$B$2:$B$110,$A24,'TC 목록'!$H$2:$H$110,"Pass") | D24: =COUNTIFS('TC 목록'!$B$2:$B$110,$A24,'TC 목록'!$H$2:$H$110,"Fail")
A25: 무기 스왑 | B25: =COUNTIF('TC 목록'!$B$2:$B$110,$A25) | C25: =COUNTIFS('TC 목록'!$B$2:$B$110,$A25,'TC 목록'!$H$2:$H$110,"Pass") | D25: =COUNTIFS('TC 목록'!$B$2:$B$110,$A25,'TC 목록'!$H$2:$H$110,"Fail")
A26: 무기 · 투사체 | B26: =COUNTIF('TC 목록'!$B$2:$B$110,$A26) | C26: =COUNTIFS('TC 목록'!$B$2:$B$110,$A26,'TC 목록'!$H$2:$H$110,"Pass") | D26: =COUNTIFS('TC 목록'!$B$2:$B$110,$A26,'TC 목록'!$H$2:$H$110,"Fail")
A27: 적 · 보스 | B27: =COUNTIF('TC 목록'!$B$2:$B$110,$A27) | C27: =COUNTIFS('TC 목록'!$B$2:$B$110,$A27,'TC 목록'!$H$2:$H$110,"Pass") | D27: =COUNTIFS('TC 목록'!$B$2:$B$110,$A27,'TC 목록'!$H$2:$H$110,"Fail")
A28: 방 · 스테이지 | B28: =COUNTIF('TC 목록'!$B$2:$B$110,$A28) | C28: =COUNTIFS('TC 목록'!$B$2:$B$110,$A28,'TC 목록'!$H$2:$H$110,"Pass") | D28: =COUNTIFS('TC 목록'!$B$2:$B$110,$A28,'TC 목록'!$H$2:$H$110,"Fail")
A29: 런 루프 · 보상 | B29: =COUNTIF('TC 목록'!$B$2:$B$110,$A29) | C29: =COUNTIFS('TC 목록'!$B$2:$B$110,$A29,'TC 목록'!$H$2:$H$110,"Pass") | D29: =COUNTIFS('TC 목록'!$B$2:$B$110,$A29,'TC 목록'!$H$2:$H$110,"Fail")
A30: UI · 설정 · 로컬라이즈 | B30: =COUNTIF('TC 목록'!$B$2:$B$110,$A30) | C30: =COUNTIFS('TC 목록'!$B$2:$B$110,$A30,'TC 목록'!$H$2:$H$110,"Pass") | D30: =COUNTIFS('TC 목록'!$B$2:$B$110,$A30,'TC 목록'!$H$2:$H$110,"Fail")
A31: 소리 | B31: =COUNTIF('TC 목록'!$B$2:$B$110,$A31) | C31: =COUNTIFS('TC 목록'!$B$2:$B$110,$A31,'TC 목록'!$H$2:$H$110,"Pass") | D31: =COUNTIFS('TC 목록'!$B$2:$B$110,$A31,'TC 목록'!$H$2:$H$110,"Fail")
A32: 경계 · 비정상 흐름 | B32: =COUNTIF('TC 목록'!$B$2:$B$110,$A32) | C32: =COUNTIFS('TC 목록'!$B$2:$B$110,$A32,'TC 목록'!$H$2:$H$110,"Pass") | D32: =COUNTIFS('TC 목록'!$B$2:$B$110,$A32,'TC 목록'!$H$2:$H$110,"Fail")
A33: 빌드 전 정적 확인 | B33: =COUNTIF('TC 목록'!$B$2:$B$110,$A33) | C33: =COUNTIFS('TC 목록'!$B$2:$B$110,$A33,'TC 목록'!$H$2:$H$110,"Pass") | D33: =COUNTIFS('TC 목록'!$B$2:$B$110,$A33,'TC 목록'!$H$2:$H$110,"Fail")
A35: 이번 회전 신규 결함 7건 — 상세는 [결함] 시트
A36: 실패 12건 = 과거 빌드에서 잡아 수정한 4건 · 이번 회전 신규 7건 · 이연 1건. 상세는 [결과 보고서] 시트
A37: 미확인(△) 0건 — 확인하지 못한 항목을 통과로 적지 않는 것이 이 표의 규칙이다.

Sheet TC 목록
A1: NO | B1: 대분류 | C1: 중분류 | D1: 소분류(확인 항목) | E1: 사전 조건 | F1: 테스트 스텝 | G1: 기대 결과 | H1: 결과 | I1: 1회전 결과 | J1: 비고 | K1: BTS 링크 | L1: 중요도 | M1: 우선순위 | N1: 테스트 날짜
A2: 1 | B2: 이동 · 점프 | C2: 이동 · 점프 | D2: TC-MOVE-01 좌우 이동 | E2: 새 런 시작 · 전투방 1 진입 · 적 처치 전 | F2: 1. ← 를 2초 누른다 2. → 를 2초 누른다 3. 이동 방향과 스프라이트가 바라보는 쪽을 본다 | G2: 입력 방향으로 이동하고 스프라이트가 뒤집힌다 | H2: Pass | I2: Pass | N2: 2026-10-03
A3: 2 | B3: 이동 · 점프 | C3: 이동 · 점프 | D3: TC-MOVE-02 가변 높이 점프 | E3: 새 런 시작 · 전투방 1 진입 · 적 처치 전 | F3: 1. Space 를 아주 짧게 눌러 떼고 점프 높이를 본다 2. 같은 자리에서 Space 를 끝까지 누른 채 점프한다 3. 두 높이를 비교한다 | G3: 버튼을 짧게 떼면 낮게, 끝까지 누르면 높게 뛴다 | H3: Pass | I3: Pass | N3: 2026-10-03
A4: 3 | B4: 이동 · 점프 | C4: 이동 · 점프 | D4: TC-MOVE-03 코요테 타임 | E4: 새 런 시작 · 전투방 1 진입 · 적 처치 전 | F4: 1. 발판 끝까지 걸어간다 2. 발판을 벗어난 직후(0.1초 안에) Space 를 누른다 3. 점프가 나가는지 본다 | G4: 발판을 떠난 직후에 눌러도 점프가 나간다 | H4: Pass | I4: Pass | N4: 2026-10-03
A5: 4 | B5: 이동 · 점프 | C5: 이동 · 점프 | D5: TC-MOVE-04 점프 버퍼 | E5: 새 런 시작 · 전투방 1 진입 · 적 처치 전 | F5: 1. 높은 곳에서 아래로 떨어진다 2. 착지하기 직전(공중에서) Space 를 누른다 3. 착지와 함께 점프가 나가는지 본다 | G5: 착지 직전에 눌러도 점프가 씹히지 않는다 | H5: Pass | I5: Pass | N5: 2026-10-03
A6: 5 | B6: 이동 · 점프 | C6: 이동 · 점프 | D6: TC-MOVE-05 낙하 복귀 | E6: 새 런 시작 · 전투방 1 진입 · 적 처치 전 | F6: 1. 방 안의 구멍(낙하 지점)을 찾아 그 위에 선다 2. 구멍으로 떨어진다 3. 복귀한 위치가 떨어지기 전 마지막으로 발을 붙였던 지점인지 본다 | G6: 구멍에 떨어지면 마지막 접지 지점으로 돌아온다 | H6: Pass | I6: Pass | N6: 2026-10-03
A7: 6 | B7: 전투 · 피격 | C7: 전투 · 피격 | D7: TC-CMB-01 3타 콤보와 선입력 | E7: 새 런 시작 · 전투방 1 · 적 1마리 이상 생존 · 활성 무기 검 | F7: 1. 적 앞에서 F 를 누른다 2. 1타 모션이 끝나기 전에 F 를 다시 누른다 3. 같은 방식으로 3타까지 이어 누른다 4. 세 타가 끊기지 않고 이어지는지 본다 | G7: 연속 입력이 다음 타로 이어진다 | H7: Pass | I7: Pass | N7: 2026-10-03
A8: 7 | B8: 전투 · 피격 | C8: 전투 · 피격 | D8: TC-CMB-02 콤보 타임아웃 | E8: 새 런 시작 · 전투방 1 · 적 1마리 이상 생존 · 활성 무기 검 | F8: 1. F 로 1타를 낸다 2. 아무 입력 없이 2초 기다린다 3. 다시 F 를 누른다 4. 나가는 모션이 2타인지 1타인지 본다 | G8: 입력이 끊기면 1타부터 다시 시작한다 | H8: Pass | I8: Pass | N8: 2026-10-03
A9: 8 | B9: 전투 · 피격 | C9: 전투 · 피격 | D9: TC-CMB-03 히트스탑 · 넉백 · 화면 흔들림 | E9: 새 런 시작 · 전투방 1 · 적 1마리 이상 생존 · 활성 무기 검 | F9: 1. 적에게 F 로 한 대 맞힌다 2. 타격이 닿는 순간 화면을 본다 3. 셋이 동시에 나는지 각각 확인한다 — 동작이 멈추는가 · 적이 밀리는가 · 화면이 흔들리는가 | G9: 타격 순간 셋이 함께 난다 | H9: Pass | I9: Pass | N9: 2026-10-03
A10: 9 | B10: 전투 · 피격 | C10: 전투 · 피격 | D10: TC-CMB-04 피격 무적과 깜빡임 | E10: 새 런 시작 · 전투방 1 · 적 1마리 이상 생존 · 활성 무기 검 | F10: 1. 적 공격에 일부러 한 번 맞는다 2. 맞은 직후 적 앞에 그대로 서 있는다 3. 스프라이트가 깜빡이는 동안 HUD 체력이 더 줄어드는지 본다 | G10: 맞으면 깜빡이고 그동안 다시 안 맞는다 | H10: Pass | I10: Pass | N10: 2026-10-03
A11: 10 | B11: 전투 · 피격 | C11: 전투 · 피격 | D11: TC-CMB-05 적 둘 사이 연속 피격 | E11: 새 런 시작 · 전투방 1 · 적 1마리 이상 생존 · 활성 무기 검 | F11: 1. 적 2마리가 함께 있는 방에서 둘 사이로 들어간다 2. 한쪽 공격에 맞는다 3. 깜빡이는 동안 다른 쪽 공격에 몸을 댄다 4. 두 번째 피해가 들어가는지 본다 | G11: 무적 중에 두 번째 적에게 이어서 안 갈린다 | H11: Pass | I11: Pass | N11: 2026-10-03
A12: 11 | B12: 전투 · 피격 | C12: 전투 · 피격 | D12: TC-CMB-06 지상 공격 중 전진 | E12: 새 런 시작 · 전투방 1 · 적 1마리 이상 생존 · 활성 무기 검 | F12: 1. 지상에서 적과 조금 떨어져 선다 2. 발 위치를 기억하고 F 를 누른다 3. 공격이 끝난 뒤 발 위치가 앞으로 옮겨졌는지 본다 | G12: 공격하면서 조금 앞으로 나간다 | H12: Pass | I12: Pass | N12: 2026-10-03
A13: 12 | B13: 전투 · 피격 | C13: 전투 · 피격 | D13: TC-CMB-07 적 공격이 체력을 깎는다 | E13: 새 런 시작 · 전투방 1 · 적 1마리 이상 생존 · 활성 무기 검 | F13: 1. HUD 체력 구슬의 현재 상태를 본다 2. 적 공격에 한 번 맞는다 3. HUD 체력이 줄어드는지 본다 | G13: 맞으면 HUD 체력이 줄어든다 | H13: Pass | I13: Pass | N13: 2026-10-03
A14: 13 | B14: 전투 · 피격 | C14: 전투 · 피격 | D14: TC-CMB-08 공중 공격 후 착지 | E14: 새 런 시작 · 전투방 1 · 적 1마리 이상 생존 · 활성 무기 검 | F14: 1. Space 로 점프한다 2. 공중에서 F 로 공격한다 3. 공격 모션이 끝나기 전에 착지한다 4. 착지 직후 ← → 입력으로 이동이 되는지 본다 | G14: 착지 후에는 공격 중 이동이 막힌다 | H14: Fail | I14: Fail | J14: 이연 — 근거가 기록에 있는 미해결 | N14: 2026-10-03
A15: 14 | B15: 무기 스왑 | C15: 무기 스왑 | D15: TC-SWAP-01 외형과 모션이 함께 바뀐다 | E15: 새 런 시작 · 무기 2자루 보유 · 스왑 게이지 가득 | F15: 1. 현재 플레이어 외형과 HUD 슬롯 표시를 본다 2. A 로 무기를 바꾼다 3. 외형이 바뀐 뒤 F 로 공격해 모션도 바뀌었는지 본다 | G15: 스프라이트·애니메이션이 동시에 교체된다 | H15: Pass | I15: Pass | N15: 2026-10-03
A16: 15 | B16: 무기 스왑 | C16: 무기 스왑 | D16: TC-SWAP-02 스왑 대시의 무적 | E16: 새 런 시작 · 무기 2자루 보유 · 스왑 게이지 가득 | F16: 1. 적 공격 예고가 뜨는 것을 보고 그 앞에 선다 2. 공격이 닿는 타이밍에 A 를 누른다 3. HUD 체력이 줄어드는지 본다 | G16: 대시 중 적 공격에 체력이 안 깎인다 | H16: Pass | I16: Pass | N16: 2026-10-03
A17: 16 | B17: 무기 스왑 | C17: 무기 스왑 | D17: TC-SWAP-03 쿨타임 중 스왑 차단 | E17: 새 런 시작 · 무기 2자루 보유 · 스왑 게이지 가득 | F17: 1. A 로 무기를 바꾼다 2. 스왑 게이지가 차기 전에 A 를 다시 누른다 3. 무기가 바뀌는지 · 게이지가 초기화되는지 본다 | G17: 게이지가 안 찼으면 입력이 무시된다 | H17: Pass | I17: Pass | N17: 2026-10-03
A18: 17 | B18: 무기 스왑 | C18: 무기 스왑 | D18: TC-SWAP-04 스왑 순간의 잔상 | E18: 새 런 시작 · 무기 2자루 보유 · 스왑 게이지 가득 | F18: 1. A 로 무기를 바꾼다 2. 교체 순간을 영상으로 녹화하거나 연속 캡처한다 3. 프레임을 넘겨 보며 옛 무기 그림이 한 프레임이라도 남는지 본다 | G18: 교체 순간 옛 무기 그림이 한 프레임도 안 보인다 | H18: Pass | I18: Pass | N18: 2026-10-03
A19: 18 | B19: 무기 스왑 | C19: 무기 스왑 | D19: TC-SWAP-05 무기 이름 표시 | E19: 새 런 시작 · 무기 2자루 보유 · 스왑 게이지 가득 | F19: 1. HUD 무기 슬롯 두 칸의 글자를 읽는다 2. A 로 바꾼 뒤 다시 읽는다 3. 검 처럼 읽히는지, weapon.sword.name 같은 키가 보이는지 본다 | G19: 로컬라이즈 키가 아니라 검 처럼 읽힌다 | H19: Pass | I19: Pass | N19: 2026-10-03
A20: 19 | B20: 무기 스왑 | C20: 무기 스왑 | D20: TC-SWAP-06 스왑 중 조작 차단 | E20: 새 런 시작 · 무기 2자루 보유 · 스왑 게이지 가득 | F20: 1. A 를 눌러 대시를 시작한다 2. 대시가 끝나기 전에 ← → · Space · F · A 를 차례로 누른다 3. 넷 중 하나라도 반응하는지 본다 | G20: 대시 중 이동·점프·공격·재스왑이 전부 안 먹는다 | H20: Pass | I20: Pass | N20: 2026-10-03
A21: 20 | B21: 무기 · 투사체 | C21: 무기 · 투사체 | D21: TC-WPN-01 무기 3종이 다르게 느껴진다 | E21: 검 · 창 · 활을 한 런에서 모두 얻은 상태 | F21: 1. 검으로 적을 때려 닿는 거리와 타격 간격을 본다 2. 창으로 바꿔 같은 거리에서 때려 본다 3. 활로 바꿔 같은 거리에서 쏴 본다 4. 셋의 사거리와 리듬이 구분되는지 본다 | G21: 검·창·활의 사거리와 리듬이 구분된다 | H21: Pass | I21: Pass | N21: 2026-10-03
A22: 21 | B22: 무기 · 투사체 | C22: 무기 · 투사체 | D22: TC-WPN-02 화살이 맞고 사라진다 | E22: 활을 활성 무기로 | F22: 1. 적을 향해 F 로 화살을 쏜다 2. 명중한 뒤 화살이 화면에 남는지 본다 3. 플레이어 쪽으로도 쏴서 자기 피해가 들어가는지 본다 | G22: 명중하면 소멸하고 발사자는 안 때린다 | H22: Pass | I22: Pass | N22: 2026-10-03
A23: 22 | B23: 무기 · 투사체 | C23: 무기 · 투사체 | D23: TC-WPN-03 화면 밖 화살이 안 쌓인다 | E23: 활을 활성 무기로 · 에디터 또는 빌드 · 프레임 표시 수단 준비 | F23: 1. 적이 없는 방향으로 F 를 3분 이상 연타한다 2. 프레임을 관찰한다 3. 에디터면 Hierarchy 에서 화살 오브젝트 수가 계속 늘어나는지 본다 | G23: 몇 분 돌려도 프레임이 안 떨어진다 | H23: Pass | I23: Pass | N23: 2026-10-03
A24: 23 | B24: 무기 · 투사체 | C24: 무기 · 투사체 | D24: TC-WPN-04 창이 빌드에 들어있다 | E24: 빌드 실행 · 새 런 시작 | F24: 1. 빌드를 실행해 새 런을 시작한다 2. 보상방에서 무기 카드를 받아 세 무기를 순서대로 모은다 3. 검 · 창 · 활 셋을 런 안에서 전부 손에 쥘 수 있는지 본다 | G24: 세 무기를 런 안에서 전부 쓸 수 있다 | H24: Pass | I24: Pass | N24: 2026-10-03
A25: 24 | B25: 무기 · 투사체 | C25: 무기 · 투사체 | D25: TC-WPN-05 강화가 적용된다 | E25: Unity 에디터 열림 · Test Runner EditMode | F25: 1. Unity 에디터에서 Window > General > Test Runner 를 연다 2. EditMode 탭의 WeaponInstanceTests 를 펼친다 3. 강화_1레벨에_데미지가_최소_1은_오른다 · 원본이_크면_배율이_가드를_이긴다 · 강화하면_선딜과_후딜이_줄어든다 · 강화해도_activeTime_은_안_변한다 넷을 실행한다 | G25: 강화 후 같은 적을 더 적은 타수로 잡는다 | H25: Pass | I25: Pass | J25: 수동 확인 + 자동 테스트 | N25: 2026-10-03
A26: 25 | B26: 무기 · 투사체 | C26: 무기 · 투사체 | D26: TC-WPN-06 강화가 원본 에셋을 오염시키지 않는다 | E26: Unity 에디터 열림 · Test Runner EditMode | F26: 1. Test Runner 의 EditMode 탭에서 WeaponInstanceTests 를 펼친다 2. GetAttack_은_원본_SO_를_바꾸지_않는다 · 강화_0레벨이면_원본_그대로다 둘을 실행한다 | G26: 플레이 모드를 넘어 WeaponData 가 그대로다 | H26: Pass | I26: Pass | J26: 자동 테스트가 판정 | N26: 2026-09-24
A27: 26 | B27: 무기 · 투사체 | C27: 무기 · 투사체 | D27: TC-WPN-07 강화 계산의 경계 | E27: Unity 에디터 열림 · Test Runner EditMode | F27: 1. Test Runner 의 EditMode 탭에서 WeaponInstanceTests 를 펼친다 2. 생성자에_음수_레벨을_주면_0_이_된다 · Upgrade_는_0_이하를_무시한다 둘을 실행한다 | G27: 레벨당 최소 +1 · 음수 레벨은 0 으로 | H27: Pass | I27: Pass | J27: 자동 테스트가 판정 | N27: 2026-09-24
A28: 27 | B28: 적 · 보스 | C28: 적 · 보스 | D28: TC-ENM-01 추격 → 예고 → 공격 → 경직 | E28: 전투방 · 돌진형 적 생존 | F28: 1. 적의 시야 밖에서 천천히 다가간다 2. 적이 따라오기 시작하는 지점을 본다 3. 예고 색이 뜨고, 공격이 나가고, 공격 뒤 적이 멈추는 것까지 순서대로 본다 | G28: 네 단계가 순서대로 보인다 | H28: Pass | I28: Pass | N28: 2026-10-03
A29: 28 | B29: 적 · 보스 | C29: 적 · 보스 | D29: TC-ENM-02 예고 색이 빌드에서 읽힌다 | E29: 빌드 실행 · 전투방 · 잡몹 생존 | F29: 1. 적에게 다가가 공격 예고가 뜨게 한다 2. 예고 순간 적 스프라이트 색을 본다 3. 색이 바뀐 것을 화면에서 알 수 있는지 판정한다 | G29: 공격 직전 색 변화가 화면에 나온다 | H29: Pass | I29: Pass | N29: 2026-10-03
A30: 29 | B30: 적 · 보스 | C30: 적 · 보스 | D30: TC-ENM-03 피격이 적 행동을 끊는다 | E30: 전투방 · 적 생존 | F30: 1. 적에게 다가가 예고가 뜨게 한다 2. 예고 중에 F 로 때린다 3. 예고와 공격이 중단되는지 본다 | G30: 때리면 예고·공격이 중단된다 (#79) | H30: Pass | I30: Pass | N30: 2026-10-03
A31: 30 | B31: 적 · 보스 | C31: 적 · 보스 | D31: TC-ENM-04 시체가 안 때린다 | E31: 전투방 · 적 생존 | F31: 1. 적이 공격 모션을 시작하게 만든다 2. 공격이 닿기 전에 마지막 타로 적을 처치한다 3. 시체가 사라지는 동안 몸을 겹쳐 두고 체력이 줄어드는지 본다 | G31: 죽은 적의 공격 판정이 남지 않는다 (#55) | H31: Pass | I31: Pass | N31: 2026-10-03
A32: 31 | B32: 적 · 보스 | C32: 적 · 보스 | D32: TC-ENM-05 거리로 패턴이 갈린다 | E32: 돌진형 적 생존 | F32: 1. 적에게 몸이 닿을 만큼 붙어 공격을 받는다 2. 어떤 패턴이 나오는지 적는다 3. 화면 반 폭쯤 떨어져 다시 공격을 받는다 4. 두 거리에서 나온 패턴이 다른지 본다 | G32: 붙으면 물기, 떨어지면 돌진이 나온다 | H32: Pass | I32: Pass | N32: 2026-10-03
A33: 32 | B33: 적 · 보스 | C33: 적 · 보스 | D33: TC-ENM-06 적 역할이 외형으로 갈린다 | E33: 돌진형과 원거리형이 같은 방에 있는 상태 | F33: 1. 방에 들어간 직후, 적에게 다가가기 전에 화면을 본다 2. 두 적의 외형만 보고 어느 쪽이 원거리형인지 지목한다 3. 다가가서 실제 행동으로 맞는지 확인한다 | G33: 붙기 전에 돌진형·원거리형을 구분할 수 있다 | H33: Pass | I33: Fail | J33: 과거 빌드에서 실패 → 수정됨 | N33: 2026-10-03
A34: 33 | B34: 적 · 보스 | C34: 적 · 보스 | D34: TC-ENM-07 원거리 적이 물러선다 | E34: 원거리형 적 생존 | F34: 1. 원거리형 적에게 정면으로 걸어간다 2. 사거리 안으로 들어갈 때 적의 발 위치를 본다 3. 적이 뒤로 물러나는지 본다 | G34: 플레이어가 붙으면 거리를 벌린다 (#108) | H34: Pass | I34: Pass | N34: 2026-10-03
A35: 34 | B35: 적 · 보스 | C35: 적 · 보스 | D35: TC-ENM-08 보스 3패턴이 전부 나온다 | E35: 보스방 진입 · 체력 여유 | F35: 1. 보스와 몸이 닿는 거리에서 버틴다 — Smash(0~1.8) 2. 조금 물러나 중거리를 유지한다 — Charge(1.6~3.5) 3. 화면 폭만큼 멀리 떨어진다 — Throw(3~10) 4. 세 패턴을 한 보스전에서 모두 봤는지 적는다 | G35: 한 보스전에서 셋을 다 본다 | H35: Pass | I35: Pass | N35: 2026-10-03
A36: 35 | B36: 적 · 보스 | C36: 적 · 보스 | D36: TC-ENM-09 보스 패턴은 안 끊긴다 | E36: 보스방 진입 | F36: 1. 보스가 패턴을 시작하게 만든다 2. 예고 중에 F 로 연타한다 3. 보스 공격이 중단되는지 본다 | G36: 때려도 보스 공격이 중단되지 않는다 | H36: Pass | I36: Pass | N36: 2026-10-03
A37: 36 | B37: 적 · 보스 | C37: 적 · 보스 | D37: TC-ENM-10 패턴 사거리가 구멍 없이 덮인다 | E37: Unity 에디터 열림 · Test Runner EditMode | F37: 1. Test Runner 의 EditMode 탭에서 AssetDataTests 를 펼친다 2. 모든_패턴이_minRange_보다_maxRange_가_크다 · 보스_패턴이_0부터_10까지_구멍_없이_덮는다 · 근접_패턴_둘이_겹치고_가중치가_3대1_이다 · 근접은_높이_제한이_있고_원거리는_없다 넷을 실행한다 | G37: 보스 010 · 근접에는 높이 제한이 있다 | H37: Pass | I37: Pass | J37: 자동 테스트가 판정 | N37: 2026-09-24
A38: 37 | B38: 적 · 보스 | C38: 적 · 보스 | D38: TC-ENM-11 보스도 예고 색이 읽힌다 | E38: 보스방 진입 | F38: 1. 보스가 패턴을 시작할 때까지 거리를 유지한다 2. 예고 구간(0.4~0.8초)에 보스 스프라이트 색을 본다 3. 색 변화를 화면에서 알 수 있는지 판정하고 그 순간을 캡처한다 | G38: 공격 직전 보스 스프라이트 색이 변한다 | H38: Pass | I38: Fail | K38: #150 | L38: Major | M38: High | N38: 2026-10-03
A39: 38 | B39: 방 · 스테이지 | C39: 방 · 스테이지 | D39: TC-ROOM-01 방이 연달아 전환된다 | E39: 전투방 · 적 처치 전 | F39: 1. 전투방의 적을 전부 처치한다 2. 열린 출구 포탈까지 이동한다 3. 포탈을 밟아 다음 방으로 넘어가는지 본다 | G39: 출구 포탈로 다음 방에 들어간다 | H39: Pass | I39: Pass | N39: 2026-10-03
A40: 39 | B40: 방 · 스테이지 | C40: 방 · 스테이지 | D40: TC-ROOM-02 방 타입이 핸들러로 갈린다 | E40: 새 런 시작 | F40: 1. 전투방에 들어가 무엇이 일어나는지 적는다 — 적이 나오는가 2. 보상방에 들어가 무엇이 일어나는지 적는다 — 카드가 뜨는가 3. 보스방에 들어가 무엇이 일어나는지 적는다 — 보스가 나오는가 4. 셋이 서로 다르게 동작하는지 본다 | G40: 전투·보상·보스방이 각각 다르게 동작한다 | H40: Pass | I40: Pass | N40: 2026-10-03
A41: 40 | B41: 방 · 스테이지 | C41: 방 · 스테이지 | D41: TC-ROOM-03 카메라가 방을 따라온다 | E41: 전투방 클리어 · 출구 열림 | F41: 1. 출구 포탈을 밟아 다음 방으로 넘어간다 2. 전환 직후 화면을 본다 3. 플레이어와 새 방이 화면 안에 잡히는지 본다 | G41: 전환 후 새 방이 화면에 잡힌다 | H41: Pass | I41: Pass | N41: 2026-10-03
A42: 41 | B42: 방 · 스테이지 | C42: 방 · 스테이지 | D42: TC-ROOM-04 한 런에 방이 겹치지 않는다 | E42: 시드 0~99 | F42: 1. Test Runner 의 EditMode 탭에서 RunStateTests 를 펼친다 2. 한_런에_전투방이_겹치지_않는다 를 실행한다 3. 시드 0~99 전부 통과하는지 본다 — 실패하면 메시지에 시드 번호가 찍힌다 | G42: 전투방 5개가 서로 다르다 | H42: Pass | I42: Pass | J42: 자동 테스트가 판정 | N42: 2026-09-24
A43: 42 | B43: 방 · 스테이지 | C43: 방 · 스테이지 | D43: TC-ROOM-05 같은 시드는 같은 런 | E43: 같은 시드로 2회 | F43: 1. Test Runner 의 EditMode 탭에서 RunStateTests 를 펼친다 2. 같은_시드는_같은_방_순서다 를 실행한다 | G43: 방 순서가 동일하다 | H43: Pass | I43: Pass | J43: 자동 테스트가 판정 | N43: 2026-09-24
A44: 43 | B44: 방 · 스테이지 | C44: 방 · 스테이지 | D44: TC-ROOM-06 타일 PPU | E44: 전투방 | F44: 1. 전투방에서 플레이어를 타일 바닥 옆에 세운다 2. 캡처해서 타일 한 칸과 캐릭터의 픽셀 크기를 비교한다 3. 같은 해상도(PPU 32)로 보이는지 본다 | G44: 타일이 캐릭터와 같은 해상도로 보인다 (PPU 32) | H44: Pass | I44: Pass | N44: 2026-10-03
A45: 44 | B45: 방 · 스테이지 | C45: 방 · 스테이지 | D45: TC-ROOM-07 덱 경계에서 연속되지 않는다 | E45: 시드 0~99 · roomCount 7 | F45: 1. Test Runner 의 EditMode 탭에서 RunStateTests 를 펼친다 2. 덱_경계에서_같은_방이_연속되지_않는다 를 실행한다 3. roomCount 7 · 시드 0~99 에서 5번째와 6번째 방이 다른지 본다 | G45: 5번째와 6번째 방이 다르다 | H45: Pass | I45: Pass | J45: 자동 테스트가 판정 | N45: 2026-09-24
A46: 45 | B46: 방 · 스테이지 | C46: 방 · 스테이지 | D46: TC-ROOM-08 시드가 다르면 순서도 다르다 | E46: 시드 0~99 | F46: 1. Test Runner 의 EditMode 탭에서 RunStateTests 를 펼친다 2. 시드가_다르면_순서도_달라진다 를 실행한다 | G46: 서로 다른 순서가 둘 이상 나온다 | H46: Pass | I46: Pass | J46: 자동 테스트가 판정 | N46: 2026-09-24
A47: 46 | B47: 런 루프 · 보상 | C47: 런 루프 · 보상 | D47: TC-RUN-01 10칸 완주 | E47: 새 런 시작 | F47: 1. 새 런을 시작하고 Player.log 에 찍힌 시드를 적어 둔다 2. 전투방 5칸과 보상방 4칸을 순서대로 지난다 3. 보스방에서 보스를 처치한다 4. 결과 화면까지 끊김 없이 도달했는지 본다 | G47: 시작 → 전투 → 보상 → 보스 → 결과가 끊기지 않는다 | H47: Pass | I47: Pass | N47: 2026-10-03
A48: 47 | B48: 런 루프 · 보상 | C48: 런 루프 · 보상 | D48: TC-RUN-02 보스 처치 = 클리어 | E48: 보스방 진입 | F48: 1. 보스방에서 보스를 처치한다 2. 결과 화면이 뜨는지 본다 3. 결과 문구가 클리어인지 사망인지 읽는다 | G48: 결과 화면이 클리어로 뜬다 | H48: Pass | I48: Pass | N48: 2026-10-03
A49: 48 | B49: 런 루프 · 보상 | C49: 런 루프 · 보상 | D49: TC-RUN-03 사망 = 런 종료 | E49: 새 런 시작 | F49: 1. 적 공격을 계속 맞아 체력을 0으로 만든다 2. 결과 화면이 뜨는지 본다 3. 결과 문구가 사망인지 읽는다 | G49: 죽으면 결과 화면이 뜬다 | H49: Pass | I49: Pass | N49: 2026-10-03
A50: 49 | B50: 런 루프 · 보상 | C50: 런 루프 · 보상 | D50: TC-RUN-04 R 재시작 | E50: 결과 화면 표시 중 | F50: 1. 결과 화면에서 R 을 누른다 2. 새 런이 시작되는지 본다 3. Player.log 의 새 시드가 직전 런과 다른지 본다 | G50: 새 시드로 처음부터 다시 시작한다 | H50: Pass | I50: Pass | N50: 2026-10-03
A51: 50 | B51: 런 루프 · 보상 | C51: 런 루프 · 보상 | D51: TC-RUN-05 재시작에 이전 런이 안 남는다 | E51: 강화를 받고 무기를 바꾼 뒤 사망한 상태 | F51: 1. 결과 화면에 적힌 체력 · 무기 · 강화 · 킬 수를 적어 둔다 2. R 로 재시작한다 3. HUD 의 체력 · 무기 슬롯 · 강화 수치가 초기 상태인지 본다 4. 첫 처치 전 킬 수가 0인지 본다 | G51: 체력·무기·강화·킬 수가 전부 초기화된다 | H51: Pass | I51: Pass | N51: 2026-10-03
A52: 51 | B52: 런 루프 · 보상 | C52: 런 루프 · 보상 | D52: TC-RUN-06 보상 3택 1 | E52: 체력이 가득하지 않은 상태로 보상방 진입 | F52: 1. 보상방에 들어가 카드가 몇 장 뜨는지 본다 2. 카드 셋의 내용을 읽는다 — 무기 · 회복 · 강화 3. 하나를 골라 적용되는지 본다 | G52: 무기·회복·강화 중 하나를 고른다 | H52: Pass | I52: Pass | N52: 2026-10-03
A53: 52 | B53: 런 루프 · 보상 | C53: 런 루프 · 보상 | D53: TC-RUN-07 가진 무기는 후보에서 빠진다 | E53: 검과 활을 든 상태로 보상방 진입 | F53: 1. 보상방의 무기 카드에 적힌 무기 이름을 읽는다 2. 지금 든 두 무기와 같은 것이 있는지 본다 | G53: 이미 든 무기가 카드로 안 나온다 | H53: Pass | I53: Pass | N53: 2026-10-03
A54: 53 | B54: 런 루프 · 보상 | C54: 런 루프 · 보상 | D54: TC-RUN-08 보상방 진입이 화면에 드러난다 | E54: 보상방 진입 직전 | F54: 1. 보상방에 들어간다 2. 전투방과 구분되는 표시가 화면에 있는지 본다 3. 아무 표시 없이 지나칠 수 있는지 판정한다 | G54: 들어간 것을 표시 없이 지나치지 않는다 | H54: Pass | I54: Pass | J54: 과거 빌드에서 실패 → 수정 후 재확인 | N54: 2026-10-03
A55: 54 | B55: 런 루프 · 보상 | C55: 런 루프 · 보상 | D55: TC-RUN-09 처치당 회복 | E55: 체력이 가득하지 않은 상태 | F55: 1. HUD 체력을 보고 현재 값을 적어 둔다 2. 적 1마리를 처치한다 3. 체력이 오르는지 본다 | G55: 적을 잡으면 체력이 조금 오른다 | H55: Pass | I55: Pass | N55: 2026-10-03
A56: 55 | B56: 런 루프 · 보상 | C56: 런 루프 · 보상 | D56: TC-RUN-10 보상을 고르면 선택 패널이 닫힌다 | E56: 보상 선택 화면 표시 중 | F56: 1. 숫자키 1 로 카드를 고른다 2. 선택 패널이 사라지는지 본다 3. 클릭으로 고르는 경우와 비교한다 — 같은 방을 다시 만들어 클릭으로 고른다 | G56: 클릭이든 숫자키든 패널이 사라진다 | H56: Pass | I56: Fail | K56: #149 | L56: Major | M56: High | N56: 2026-10-03
A57: 56 | B57: UI · 설정 · 로컬라이즈 | C57: UI · 설정 · 로컬라이즈 | D57: TC-UI-01 시작 화면 첫 프레임 | E57: 게임 완전 종료 상태 | F57: 1. 게임을 완전히 종료한다 2. 실행 파일을 실행하고 시작 화면이 처음 뜨는 순간을 녹화한다 3. 프레임을 넘겨 보며 글자가 한 프레임이라도 깜빡이는지 본다 | G57: 켜자마자 글자가 깜빡이지 않는다 | H57: Pass | I57: Fail | J57: 과거 빌드에서 실패 → 수정됨 | N57: 2026-10-03
A58: 57 | B58: UI · 설정 · 로컬라이즈 | C58: UI · 설정 · 로컬라이즈 | D58: TC-UI-02 시작 화면 조작 | E58: 시작 화면 | F58: 1. 시작 화면에서 게임 시작을 눌러 런이 시작되는지 본다 2. 시작 화면으로 돌아와 도움말을 눌러 조작표가 뜨는지 본다 3. 종료를 눌러 창이 닫히는지 본다 | G58: 게임 시작 · 조작 안내 · 종료가 동작한다 | H58: Pass | I58: Pass | N58: 2026-10-03
A59: 58 | B59: UI · 설정 · 로컬라이즈 | C59: UI · 설정 · 로컬라이즈 | D59: TC-UI-03 ESC 일시정지와 재개 | E59: 전투 중 | F59: 1. 전투 중 ESC 를 누른다 2. 게임이 멈추는지 본다 3. 설정 패널이 열리는지 본다 | G59: 전투 중 ESC 로 멈추고 설정이 열린다 | H59: Fail | I59: Pass | J59: #165 닫기 버튼으로 닫으면 timeScale 이 0 에 묶인다 | K59: #165 | L59: Major | N59: 2026-10-03
A60: 59 | B60: UI · 설정 · 로컬라이즈 | C60: UI · 설정 · 로컬라이즈 | D60: TC-UI-04 설정 5항목 | E60: 시작 화면의 설정 (언어 항목이 있는 쪽) | F60: 1. 해상도를 다른 값으로 바꾸고 화면이 바뀌는지 본다 2. 화면 모드를 바꾸고 창/전체화면이 바뀌는지 본다 3. 전체 · 배경음 · 효과음 슬라이더를 각각 움직이고 소리가 바뀌는지 듣는다 4. 언어를 English 로 바꾸고 글자가 바뀌는지 본다 | G60: 해상도·화면 모드·볼륨·언어가 즉시 반영된다 | H60: Pass | I60: Pass | N60: 2026-10-03
A61: 60 | B61: UI · 설정 · 로컬라이즈 | C61: UI · 설정 · 로컬라이즈 | D61: TC-UI-05 설정 저장 | E61: 시작 화면 | F61: 1. 설정에서 해상도 · 볼륨 · 언어를 기본값과 다르게 바꾼다 2. 게임을 완전히 종료한다 3. 다시 실행해 설정 화면을 열고 바꾼 값이 남아 있는지 본다 | G61: 껐다 켜도 설정이 유지된다 | H61: Pass | I61: Pass | N61: 2026-10-03
A62: 61 | B62: UI · 설정 · 로컬라이즈 | C62: UI · 설정 · 로컬라이즈 | D62: TC-UI-06 전투 중 언어 항목 | E62: 시작 화면 | F62: 1. 시작 화면의 설정을 열어 항목을 세어 둔다 — 언어가 있다 2. 런을 시작하고 전투 중 ESC 로 설정을 연다 3. 언어 항목이 있는지 본다 | G62: 전투 씬 설정에는 언어가 안 보인다 | H62: Pass | I62: Pass | N62: 2026-10-03
A63: 62 | B63: UI · 설정 · 로컬라이즈 | C63: UI · 설정 · 로컬라이즈 | D63: TC-UI-07 영어 안내 문단 | E63: 언어 English · 빌드 실행 | F63: 1. 시작 화면에서 도움말을 연다 2. 규칙 설명 문단을 본다 3. 글자가 상자 밖으로 넘치거나 잘리는지 본다 | G63: 영어로 바꿔도 글자가 상자를 안 넘는다 | H63: Pass | I63: Fail | J63: 과거 빌드에서 실패 → 수정됨 | N63: 2026-10-03
A64: 63 | B64: UI · 설정 · 로컬라이즈 | C64: UI · 설정 · 로컬라이즈 | D64: TC-UI-08 HUD | E64: 전투 중 · 무기 2자루 | F64: 1. 적 공격에 맞고 체력 바가 줄어드는지 본다 2. A 로 무기를 바꾸고 슬롯 표시가 따라오는지 본다 3. 스왑 직후 게이지가 차오르는지 본다 | G64: 체력 바·무기 슬롯·스왑 게이지가 상태를 따라간다 | H64: Pass | I64: Pass | N64: 2026-10-03
A65: 64 | B65: UI · 설정 · 로컬라이즈 | C65: UI · 설정 · 로컬라이즈 | D65: TC-UI-09 결과 화면 로컬라이즈 | E65: 언어 English | F65: 1. 영어 상태로 런을 시작한다 2. 사망하거나 보스를 처치해 결과 화면을 띄운다 3. 결과 · 요약 · 안내 · 버튼의 글자가 전부 영어인지 읽는다 | G65: 영어에서 결과 화면이 한국어로 안 나온다 | H65: Pass | I65: Pass | N65: 2026-10-03
A66: 65 | B66: UI · 설정 · 로컬라이즈 | C66: UI · 설정 · 로컬라이즈 | D66: TC-UI-10 첫 실행 기본값 | E66: 저장된 설정이 없는 상태 | F66: 1. 레지스트리에서 HKCU\Software\WeaponHero\WeaponHero 키를 지운다 2. 게임을 실행하고 설정 화면을 연다 3. 전체 1 · 배경음 0.8 · 효과음 1 인지 읽는다 | G66: 저장된 설정이 없으면 master 1 · bgm 0.8 · sfx 1 로 시작한다 | H66: Pass | I66: Pass | N66: 2026-10-03
A67: 66 | B67: UI · 설정 · 로컬라이즈 | C67: UI · 설정 · 로컬라이즈 | D67: TC-UI-11 안내와 실제 조작이 일치한다 | E67: 시작 화면 · 도움말 열람 가능 | F67: 1. 도움말의 조작표와 규칙 설명에 적힌 조작을 전부 적어 둔다 2. 런에서 그 조작을 하나씩 눌러 전부 동작하는지 본다 3. 반대로 동작하는 조작(숫자키 1·2·3 보상 선택 등)이 안내에 적혀 있는지 본다 | G67: 안내에 적힌 조작이 전부 동작하고, 동작하는 조작이 전부 안내에 있다 | H67: Pass | I67: Fail | K67: #148 | L67: Minor | M67: Normal | N67: 2026-10-03
A68: 67 | B68: UI · 설정 · 로컬라이즈 | C68: UI · 설정 · 로컬라이즈 | D68: TC-UI-12 보상 카드 정렬 | E68: 체력이 가득한 상태로 보상방 진입 (회복 카드가 빠져 2택) | F68: 1. 보상방에 들어가 카드가 2장인 것을 확인한다 2. 패널 안에서 카드가 놓인 위치를 본다 3. 한쪽이 비어 보이는지 판정하고 캡처한다 | G68: 카드가 둘이어도 패널 안에서 균형 있게 놓인다 | H68: Fail | I68: Fail | K68: #151 | L68: Trivial | M68: Low | N68: 2026-10-03
A69: 68 | B69: UI · 설정 · 로컬라이즈 | C69: UI · 설정 · 로컬라이즈 | D69: TC-UI-13 결과 화면 텍스트 배치 | E69: 런 종료 직후 결과 화면 | F69: 1. 한국어로 결과 화면을 띄워 요약 · 안내 · 버튼이 겹치는지 본다 2. 언어를 English 로 바꾸고 같은 결과 화면을 띄운다 3. 두 화면을 비교하고 겹치는 쪽을 캡처한다 | G69: 언어와 무관하게 요약·안내·버튼이 겹치지 않는다 | H69: Pass | I69: Fail | K69: #153 | L69: Major | M69: High | N69: 2026-10-03
A70: 69 | B70: 소리 | C70: 소리 | D70: TC-SND-01 효과음 5종 | E70: 효과음 볼륨 1 · 전투 중 | F70: 1. 적을 때려 타격음을 듣는다 2. 적 공격에 맞아 피격음을 듣는다 3. 적을 처치해 사망음을 듣는다 4. A 로 스왑음을 듣는다 5. 보상방에서 카드를 골라 보상음을 듣는다 | G70: 타격·피격·사망·스왑·보상이 각각 난다 | H70: Pass | I70: Pass | N70: 2026-10-03
A71: 70 | B71: 소리 | C71: 소리 | D71: TC-SND-02 BGM | E71: 배경음 볼륨 1 | F71: 1. 시작 화면에서 배경음이 나는지 듣는다 2. 런을 시작해 전투 중에도 나는지 듣는다 | G71: 시작 화면과 전투에서 재생된다 | H71: Pass | I71: Pass | N71: 2026-10-03
A72: 71 | B72: 소리 | C72: 소리 | D72: TC-SND-03 볼륨 반영 | E72: 소리가 나는 상태 | F72: 1. 소리가 나는 상태에서 설정을 연다 2. 전체 슬라이더를 0 쪽으로 내린다 3. 슬라이더를 움직이는 동안 소리가 작아지는지 듣는다 | G72: 설정에서 내리면 즉시 작아진다 | H72: Pass | I72: Pass | N72: 2026-10-03
A73: 72 | B73: 경계 · 비정상 흐름 | C73: 전투 · 체력 | D73: TC-EDGE-01 남은 체력보다 큰 피해 | E73: 에디터 수행 · HP 3 | F73: 1. 한 방에 3보다 큰 피해를 주는 적 공격에 맞는다 2. HUD 체력 표시를 읽는다 3. 음수나 빈 값이 보이는지 본다 | G73: HP 가 0 에서 멈춘다. 음수가 표시되지 않는다 | H73: Pass | I73: Pass | M73: High | N73: 2026-10-03
A74: 73 | B74: 경계 · 비정상 흐름 | C74: 전투 · 체력 | D74: TC-EDGE-02 사망 후 추가 피격 | E74: 에디터 수행 · HP 1 · 적 2마리 이상 생존 | F74: 1. 적 공격에 맞아 사망한다 2. 결과 화면이 뜬 뒤에도 남은 적이 공격을 계속하게 둔다 3. 결과 화면이 두 번 뜨거나 화면이 바뀌는지 본다 | G74: 결과 화면이 유지되고 두 번 뜨지 않는다 | H74: Pass | I74: Pass | M74: High | N74: 2026-10-03
A75: 74 | B75: 경계 · 비정상 흐름 | C75: 전투 · 체력 | D75: TC-EDGE-03 체력이 가득할 때 처치 회복 | E75: HP 30/30 | F75: 1. HUD 체력이 가득한 것을 확인한다 2. 적 1마리를 처치한다 3. 체력 표시가 30을 넘는지 본다 | G75: 30 을 넘지 않는다 | H75: Pass | I75: Pass | M75: Normal | N75: 2026-10-03
A76: 75 | B76: 경계 · 비정상 흐름 | C76: 전투 · 체력 | D76: TC-EDGE-04 사망 순간의 공격 입력 | E76: 에디터 수행 · HP 1 | F76: 1. F 로 공격을 시작한다 2. 공격 모션 중에 적 공격을 맞아 사망한다 3. 사망 후 적에게 피해가 들어가는지 본다 | G76: 죽은 뒤 공격 판정이 남지 않는다 | H76: Pass | I76: Pass | M76: High | N76: 2026-10-03
A77: 76 | B77: 경계 · 비정상 흐름 | C77: 무기 스왑 | D77: TC-EDGE-05 쿨타임 중 A 연타 | E77: 스왑 직후 (쿨타임 3.3초) | F77: 1. A 로 무기를 바꾼다 2. 쿨타임 3.3초 동안 A 를 쉬지 않고 연타한다 3. 게이지가 차는 순간 무기가 한 번만 바뀌는지, 여러 번 연달아 바뀌는지 본다 | G77: 입력이 쌓였다가 한꺼번에 발동하지 않는다 | H77: Pass | I77: Pass | M77: Normal | N77: 2026-10-03
A78: 77 | B78: 경계 · 비정상 흐름 | C78: 무기 스왑 | D78: TC-EDGE-06 공격 중 스왑 | E78: 3타 콤보 2타 진행 중 · 스왑 게이지 가득 | F78: 1. F 를 두 번 눌러 2타를 진행시킨다 2. 2타 모션 중에 A 를 누른다 3. 공격이 취소되는지 본다 4. 취소 순간 적에게 피해가 들어가는지 본다 (히트박스가 꺼졌는가) | G78: 공격이 취소되고 히트박스가 꺼진다 (GDD 12.4) | H78: Pass | I78: Pass | M78: High | N78: 2026-10-03
A79: 78 | B79: 경계 · 비정상 흐름 | C79: 무기 스왑 | D79: TC-EDGE-07 공중에서 스왑 | E79: 점프 정점 | F79: 1. Space 로 점프한다 2. 가장 높은 지점에서 A 를 누른다 3. 대시 동안 낙하가 멈추는지 본다 4. 대시가 끝난 뒤 정상 속도로 떨어지는지 본다 | G79: 대시 동안 낙하가 멈추고, 끝나면 정상 낙하 | H79: Pass | I79: Pass | M79: Normal | N79: 2026-10-03
A80: 79 | B80: 경계 · 비정상 흐름 | C80: 무기 스왑 | D80: TC-EDGE-08 구멍 위에서 스왑 | E80: 낙하 지점(구멍) 위 | F80: 1. 구멍 위로 점프해 떨어지기 시작한다 2. 낙하 판정이 나기 직전에 A 를 누른다 3. 복귀 위치가 정상인지 본다 — 공중이나 지형 밖에 서 있지 않은지 | G80: 복귀 처리와 겹쳐도 위치가 어긋나지 않는다 | H80: Pass | I80: Pass | M80: Normal | N80: 2026-10-03
A81: 80 | B81: 경계 · 비정상 흐름 | C81: 무기 스왑 | D81: TC-EDGE-09 보상방의 무료 스왑 | E81: 보상 선택 화면 · 스왑 쿨타임 중 | F81: 1. 보상방 진입 직전에 A 로 스왑해 쿨타임을 걸어 둔다 2. 보상 선택 화면에서 A 를 누른다 3. 쿨타임과 무관하게 슬롯이 바뀌는지 본다 | G81: 쿨타임과 무관하게 슬롯을 바꿀 수 있다 | H81: Pass | I81: Pass | M81: Low | N81: 2026-10-03
A82: 81 | B82: 경계 · 비정상 흐름 | C82: 보상 | D82: TC-EDGE-10 체력이 가득한 채 보상방 진입 | E82: HP 30/30 | F82: 1. 체력을 가득 채운 상태로 보상방에 들어간다 2. 카드가 몇 장인지 센다 3. 회복 카드가 있는지 본다 | G82: 회복 카드가 빠지고 2택이 된다 | H82: Pass | I82: Pass | M82: Normal | N82: 2026-10-03
A83: 82 | B83: 경계 · 비정상 흐름 | C83: 보상 | D83: TC-EDGE-11 보상방에서 무기 스왑 | E83: 보상 선택 화면 · 무기 2자루 | F83: 1. 강화 카드에 적힌 대상 무기와 무기 카드가 버릴 무기를 적어 둔다 2. A 로 활성 무기를 바꾼다 3. 두 표시가 함께 바뀌는지 본다 | G83: 강화 대상과 버릴 무기 표시가 함께 바뀐다 | H83: Pass | I83: Pass | M83: Normal | N83: 2026-10-03
A84: 83 | B84: 경계 · 비정상 흐름 | C84: 보상 | D84: TC-EDGE-12 숫자키 선택 | E84: 보상 선택 화면 | F84: 1. 숫자키 1 을 눌러 첫 카드가 적용되는지 본다 2. 다음 보상방에서 2 를, 그 다음에서 3 을 눌러 같은지 본다 | G84: 1 · 2 · 3 으로도 선택된다 | H84: Pass | I84: Pass | M84: Normal | N84: 2026-10-03
... A92: 91 | B92: 경계 · 비정상 흐름 | C92: 방 · 런 진행 | D92: TC-EDGE-20 결과 화면에서 R 연타 | E92: 사망 직후 결과 화면 | F92: 1. 결과 화면이 뜬 직후 R 을 빠르게 5회 누른다 2. 런이 한 번만 시작되는지 본다 3. Player.log 의 시드가 하나만 찍혔는지 본다 | G92: 런이 두 번 시작되지 않는다 | H92: Pass | I92: Pass | M92: High | N92: 2026-10-03
A93: 92 | B93: 경계 · 비정상 흐름 | C93: UI · 설정 | D93: TC-EDGE-21 일시정지 중 조작 | E93: ESC 로 정지 | F93: 1. 전투 중 ESC 로 멈춘다 2. ← → · Space · F 를 차례로 누른다 3. 플레이어가 움직이거나 공격하는지 본다 | G93: 이동 · 점프 · 공격 입력이 무시된다 | H93: Fail | I93: Pass | J93: #166 A 가 먹힌다 | K93: #166 | L93: Minor | M93: High | N93: 2026-10-03
A94: 93 | B94: 경계 · 비정상 흐름 | C94: UI · 설정 | D94: TC-EDGE-22 일시정지 중 언어 변경 | G94: 해당 없음 — 전투 씬 설정에는 언어 항목이 없다 (커밋 5578ebc) | H94: N/A | I94: N/A | J94: 해당 없음 — 그런 조작·상태가 없다 | N94: 2026-10-03
A95: 94 | B95: 경계 · 비정상 흐름 | C95: UI · 설정 | D95: TC-EDGE-23 전투 중 해상도 변경 | E95: 전투 중 ESC · 설정 열림 | F95: 1. 전투 중 설정에서 해상도를 다른 값으로 바꾼다 2. 설정을 닫고 전투 화면을 본다 3. HUD 의 체력 · 무기 슬롯 · 게이지가 잘리거나 겹치는지 본다 | G95: HUD 가 잘리거나 겹치지 않는다 | H95: Pass | I95: Pass | M95: Normal | N95: 2026-10-03
A96: 95 | B96: 경계 · 비정상 흐름 | C96: UI · 설정 | D96: TC-EDGE-28 해상도 변경 후 설정창 위치 | E96: 전투 중 ESC · 설정 열림 | F96: 1. 전투 중 설정에서 해상도를 바꾼다 2. 설정을 닫지 않은 채로 설정 패널의 위치를 본다 3. 화면 가운데에 있는지 판정하고 캡처한다 4. 같은 조작을 시작 화면 설정에서도 해 보고 비교한다 | G96: 설정창이 화면 가운데에 남는다 | H96: Pass | I96: Fail | K96: #152 | L96: Minor | M96: Normal | N96: 2026-10-03
A97: 96 | B97: 경계 · 비정상 흐름 | C97: UI · 설정 | D97: TC-EDGE-24 볼륨 0 유지 | E97: 전체 볼륨 0 으로 저장 | F97: 1. 설정에서 전체 볼륨을 0 으로 내린다 2. 게임을 완전히 종료하고 다시 실행한다 3. 설정 화면의 값이 0 인지 읽는다 4. 전투에 들어가 소리가 나는지 듣는다 | G97: 0 이 유지되고 소리가 안 난다 | H97: Pass | I97: Pass | M97: Low | N97: 2026-10-03
A98: 97 | B98: 경계 · 비정상 흐름 | C98: 환경 · 장시간 | D98: TC-EDGE-25 창 포커스 이탈 후 복귀 | E98: 전투 중 · 창 모드 | F98: 1. 전투 중 Alt+Tab 으로 다른 창으로 나간다 2. 10초 뒤 게임 창으로 돌아온다 3. 플레이어와 적의 움직임이 정상 속도인지 본다 — 빨라지거나 멈춰 있지 않은지 | G98: 복귀 시 시간이 정상 속도로 돌아온다 | H98: Pass | I98: Pass | M98: Normal | N98: 2026-10-03
A99: 98 | B99: 경계 · 비정상 흐름 | C99: 환경 · 장시간 | D99: TC-EDGE-26 장시간 구동 | E99: 30분 연속 구동 | F99: 1. 런을 시작하고 30분 연속 플레이하거나 켜 둔다 2. 30분 뒤 프레임이 떨어졌는지 본다 3. Player.log 를 열어 예외가 쌓였는지 본다 | G99: 프레임이 떨어지지 않고 예외가 없다 | H99: Pass | I99: Pass | M99: Low | N99: 2026-09-24
A100: 99 | B100: 경계 · 비정상 흐름 | C100: 환경 · 장시간 | D100: TC-EDGE-27 1600×900 | E100: 해상도 1280×720 으로 변경 | F100: 1. 설정에서 해상도를 1280×720 으로 바꾼다 2. 시작 화면 · 도움말 · 설정 · 전투 HUD · 보상 · 결과 화면을 차례로 본다 3. 잘리거나 화면 밖으로 나간 요소가 있는지 본다 | G100: UI 가 잘리지 않는다 | H100: Pass | I100: Pass | M100: Normal | N100: 2026-10-03
A101: 100 | B101: 빌드 전 정적 확인 | C101: 빌드 전 정적 확인 | D101: TC-BLD-01 컴파일 에러 0 | E101: Unity 에디터 열림 · 빌드 만들기 전 | F101: 1. Unity 에디터를 열고 컴파일이 끝나기를 기다린다 2. Console 창의 Error 필터를 켠다 3. 비어 있는지 본다 | G101: 콘솔이 비어 있다 | H101: Pass | I101: Pass | J101: 과거 빌드 기록 | N101: 2026-10-03
A102: 101 | B102: 빌드 전 정적 확인 | C102: 빌드 전 정적 확인 | D102: TC-BLD-02 Pixem using UnityEditor 가드 | E102: Unity 에디터 열림 · 빌드 만들기 전 | F102: 1. Pixem 에셋의 해당 세 파일을 연다 2. 파일 맨 위의 using 절이 #if UNITY_EDITOR 안에 있는지 본다 3. 셋 다 확인한다 | G102: 세 파일 전부 #if UNITY_EDITOR 안에 있다 | H102: Pass | I102: Fail | J102: 과거 빌드에서 실패 → 수정됨 · 과거 빌드 기록 | N102: 2026-10-03
A103: 102 | B103: 빌드 전 정적 확인 | C103: 빌드 전 정적 확인 | D103: TC-BLD-03 SO 참조 사슬 | E103: Unity 에디터 열림 · Test Runner EditMode | F103: 1. Test Runner 의 EditMode 탭에서 AssetDataTests 를 펼친다 2. 모든_RoomData_에_roomPrefab_이_있다 · 전투방에는_적_풀과_스폰_수가_있다 · 보상방에는_회복량과_무기_풀이_있다 · 모든_WeaponData_에_콤보와_오버라이드_컨트롤러가_있다 · 투사체_패턴에는_투사체_프리팹이_있다 다섯을 실행한다 | G103: 무기·방·패턴 SO 가 전부 누군가에게 참조된다 | H103: Pass | I103: Pass | J103: 자동 테스트가 판정 · 과거 빌드 기록
A104: 103 | B104: 빌드 전 정적 확인 | C104: 빌드 전 정적 확인 | D104: TC-BLD-04 빌드 씬 목록 | E104: Unity 에디터 열림 · 빌드 만들기 전 | F104: 1. File > Build Profiles (또는 Build Settings) 를 연다 2. 씬 목록이 2개인지 센다 3. 시작 씬이 index 0 인지 본다 | G104: 시작 씬이 index 0 · 씬 2개 | H104: Pass | I104: Pass | J104: 과거 빌드 기록 | N104: 2026-10-03
A105: 104 | B105: 빌드 전 정적 확인 | C105: 빌드 전 정적 확인 | D105: TC-BLD-05 테스트 값 잔류 | E105: Unity 에디터 열림 · 빌드 만들기 전 | F105: 1. StageRunner 의 roomCount 와 seed 를 읽는다 — 실서비스 값인지, seed 가 -1 인지 2. 플레이어의 maxHealth 를 읽는다 3. 보상방의 healAmount 를 읽는다 4. 넷 다 실서비스 값인지 확인한다 | G105: roomCount · seed · maxHealth · healAmount 가 실서비스 값 | H105: Pass | I105: Pass | J105: 과거 빌드 기록 | N105: 2026-10-03
A106: 105 | B106: 빌드 전 정적 확인 | C106: 빌드 전 정적 확인 | D106: TC-BLD-06 씬 저장 | E106: Unity 에디터 열림 · 빌드 만들기 전 | F106: 1. Unity 에디터에서 Ctrl+S 로 씬을 저장한다 2. 터미널에서 git status 를 실행한다 3. 씬 파일(.unity)이 수정된 채로 남아 있는지 본다 | G106: git status 에 미저장 씬이 없다 | H106: Pass | I106: Pass | J106: 과거 빌드 기록 | N106: 2026-10-03
A107: 106 | B107: 빌드 전 정적 확인 | C107: 빌드 전 정적 확인 | D107: TC-BLD-07 UI 배선 | E107: Unity 에디터 열림 · 빌드 만들기 전 | F107: 1. HealthBar · 결과 화면 · 보상 패널 · 시작 화면의 컴포넌트를 차례로 선택한다 2. Inspector 에서 참조 필드에 None 이 있는지 본다 3. 넷 다 확인한다 | G107: HealthBar · 결과 · 보상 · 시작 화면 참조가 안 비었다 | H107: Pass | I107: Pass | J107: 과거 빌드 기록
...

Sheet 결과 보고서
A1: 1회전 테스트 결과 보고서
A2: 대상 빌드 v1.0 (2026-09-03 제출본) · 수행 2026-09-23 ~ 09-24 · 세션 8회
A4: 테스트 정보
A5: 담당 QA | B5: 손주환 (1명)
A6: 테스트 기간 | B6: 2026-09-23 ~ 2026-09-24
A7: 테스트 빌드 | B7: v1.0 · Windows x64
A8: 플랫폼 | B8: Windows · 단독 실행
A9: 테스트 환경 | B9: Windows 11 Home 24H2 · Ryzen 5 9600X · RX 9070 XT · 32GB · 2560×1440
A10: 엔진 | B10: Unity 6000.3.15f1 · URP 2D
A11: 테스트 방법 | B11: 수동(빌드) + 수동(에디터) + 자동(EditMode 21개)
A14: 영역별 테스트 요약
A15: 영역 | B15: Pass | C15: Fail | D15: N/A | E15: Total | F15: 성공률
A16: 이동 · 점프 | B16: =COUNTIFS('TC 목록'!$B$2:$B$110,$A16,'TC 목록'!$H$2:$H$110,"Pass") | C16: =COUNTIFS('TC 목록'!$B$2:$B$110,$A16,'TC 목록'!$H$2:$H$110,"Fail") | D16: =COUNTIFS('TC 목록'!$B$2:$B$110,$A16,'TC 목록'!$H$2:$H$110,"N/A") | E16: =COUNTIF('TC 목록'!$B$2:$B$110,$A16) | F16: =IFERROR(B16/E16,0)
A17: 전투 · 피격 | B17: =COUNTIFS('TC 목록'!$B$2:$B$110,$A17,'TC 목록'!$H$2:$H$110,"Pass") | C17: =COUNTIFS('TC 목록'!$B$2:$B$110,$A17,'TC 목록'!$H$2:$H$110,"Fail") | D17: =COUNTIFS('TC 목록'!$B$2:$B$110,$A17,'TC 목록'!$H$2:$H$110,"N/A") | E17: =COUNTIF('TC 목록'!$B$2:$B$110,$A17) | F17: =IFERROR(B17/E17,0)
A18: 무기 스왑 | B18: =COUNTIFS('TC 목록'!$B$2:$B$110,$A18,'TC 목록'!$H$2:$H$110,"Pass") | C18: =COUNTIFS('TC 목록'!$B$2:$B$110,$A18,'TC 목록'!$H$2:$H$110,"Fail") | D18: =COUNTIFS('TC 목록'!$B$2:$B$110,$A18,'TC 목록'!$H$2:$H$110,"N/A") | E18: =COUNTIF('TC 목록'!$B$2:$B$110,$A18) | F18: =IFERROR(B18/E18,0)
A19: 무기 · 투사체 | B19: =COUNTIFS('TC 목록'!$B$2:$B$110,$A19,'TC 목록'!$H$2:$H$110,"Pass") | C19: =COUNTIFS('TC 목록'!$B$2:$B$110,$A19,'TC 목록'!$H$2:$H$110,"Fail") | D19: =COUNTIFS('TC 목록'!$B$2:$B$110,$A19,'TC 목록'!$H$2:$H$110,"N/A") | E19: =COUNTIF('TC 목록'!$B$2:$B$110,$A19) | F19: =IFERROR(B19/E19,0)
A20: 적 · 보스 | B20: =COUNTIFS('TC 목록'!$B$2:$B$110,$A20,'TC 목록'!$H$2:$H$110,"Pass") | C20: =COUNTIFS('TC 목록'!$B$2:$B$110,$A20,'TC 목록'!$H$2:$H$110,"Fail") | D20: =COUNTIFS('TC 목록'!$B$2:$B$110,$A20,'TC 목록'!$H$2:$H$110,"N/A") | E20: =COUNTIF('TC 목록'!$B$2:$B$110,$A20) | F20: =IFERROR(B20/E20,0)
A21: 방 · 스테이지 | B21: =COUNTIFS('TC 목록'!$B$2:$B$110,$A21,'TC 목록'!$H$2:$H$110,"Pass") | C21: =COUNTIFS('TC 목록'!$B$2:$B$110,$A21,'TC 목록'!$H$2:$H$110,"Fail") | D21: =COUNTIFS('TC 목록'!$B$2:$B$110,$A21,'TC 목록'!$H$2:$H$110,"N/A") | E21: =COUNTIF('TC 목록'!$B$2:$B$110,$A21) | F21: =IFERROR(B21/E21,0)
A22: 런 루프 · 보상 | B22: =COUNTIFS('TC 목록'!$B$2:$B$110,$A22,'TC 목록'!$H$2:$H$110,"Pass") | C22: =COUNTIFS('TC 목록'!$B$2:$B$110,$A22,'TC 목록'!$H$2:$H$110,"Fail") | D22: =COUNTIFS('TC 목록'!$B$2:$B$110,$A22,'TC 목록'!$H$2:$H$110,"N/A") | E22: =COUNTIF('TC 목록'!$B$2:$B$110,$A22) | F22: =IFERROR(B22/E22,0)
A23: UI · 설정 · 로컬라이즈 | B23: =COUNTIFS('TC 목록'!$B$2:$B$110,$A23,'TC 목록'!$H$2:$H$110,"Pass") | C23: =COUNTIFS('TC 목록'!$B$2:$B$110,$A23,'TC 목록'!$H$2:$H$110,"Fail") | D23: =COUNTIFS('TC 목록'!$B$2:$B$110,$A23,'TC 목록'!$H$2:$H$110,"N/A") | E23: =COUNTIF('TC 목록'!$B$2:$B$110,$A23) | F23: =IFERROR(B23/E23,0)
A24: 소리 | B24: =COUNTIFS('TC 목록'!$B$2:$B$110,$A24,'TC 목록'!$H$2:$H$110,"Pass") | C24: =COUNTIFS('TC 목록'!$B$2:$B$110,$A24,'TC 목록'!$H$2:$H$110,"Fail") | D24: =COUNTIFS('TC 목록'!$B$2:$B$110,$A24,'TC 목록'!$H$2:$H$110,"N/A") | E24: =COUNTIF('TC 목록'!$B$2:$B$110,$A24) | F24: =IFERROR(B24/E24,0)
A25: 경계 · 비정상 흐름 | B25: =COUNTIFS('TC 목록'!$B$2:$B$110,$A25,'TC 목록'!$H$2:$H$110,"Pass") | C25: =COUNTIFS('TC 목록'!$B$2:$B$110,$A25,'TC 목록'!$H$2:$H$110,"Fail") | D25: =COUNTIFS('TC 목록'!$B$2:$B$110,$A25,'TC 목록'!$H$2:$H$110,"N/A") | E25: =COUNTIF('TC 목록'!$B$2:$B$110,$A25) | F25: =IFERROR(B25/E25,0)
A26: 빌드 전 정적 확인 | B26: =COUNTIFS('TC 목록'!$B$2:$B$110,$A26,'TC 목록'!$H$2:$H$110,"Pass") | C26: =COUNTIFS('TC 목록'!$B$2:$B$110,$A26,'TC 목록'!$H$2:$H$110,"Fail") | D26: =COUNTIFS('TC 목록'!$B$2:$B$110,$A26,'TC 목록'!$H$2:$H$110,"N/A") | E26: =COUNTIF('TC 목록'!$B$2:$B$110,$A26) | F26: =IFERROR(B26/E26,0)
A27: 합계 | B27: =SUM(B16:B26) | C27: =SUM(C16:C26) | D27: =SUM(D16:D26) | E27: =SUM(E16:E26) | F27: =IFERROR(B27/E27,0)
A30: 결과 리포트
A31: 미확인 0건 | B31: 시작 시 △ 6건이 전부 해소됐다. 확인 못 한 항목을 통과로 적지 않는 것이 이 표의 규칙이므로, 0 은 모든 항목에 대해 봤거나 못 본 이유가 적혀 있다는 뜻이다.
A32: Major 셋의 공통점 | B32: #153 #150 #149 는 전부 "동작은 하는데 읽을 수 없다"에 해당한다. #150 은 보스 패턴이 안 끊기므로 예고가 유일한 회피 신호라는 점에서 특히 무겁다.
A33: #149 가 Critical 이 아닌 이유 | B33: TC-EDGE-14(재선택 불가)가 통과해, 패널이 남아도 보상이 두 번 적용되지 않는 것을 확인했다.
A34: Trivial 을 남긴 이유 | B34: #154 는 매 실행마다 뜨는 오탐 경고다. 두면 진짜 배선 누락이 같은 줄에 섞인다 — W3 에서 HurtBox.health 를 놓친 것이 그 종류였다.
A35: 과거 수정분 4건 | B35: TC-UI-01 · UI-07 · ROOM-04 · RUN-08 의 수정이 유지되는 것을 확인했다. ROOM-04 는 자동 테스트로 승격돼 사람이 다시 안 본다.
A36: 이연 1건 | B36: TC-CMB-08 은 재현됐고 고치지 않는다. 범위가 1차에 없다는 근거가 기록에 있고, 이번 수행의 목적은 그 판단이 유효한지 보는 것이었다.
A37: 실패의 출처 | B37: 신규 7건 중 셋(UI-12 · UI-13 · BLD-10)이 수행 목록이 아니라 캡처와 로그에서 나왔다. 2회전에는 캡처 검토와 로그 확인을 세션 단계로 넣는다.
A38: TC 자체의 결함 | B38: 존재하지 않는 조작(EDGE-22) · 한 항목이 두 대상(EDGE-23) · 규칙이 다른 둘을 묶음(ENM-03). 수행은 제품만이 아니라 TC 도 검사한다.

Sheet 자동화
A1: NO | B1: 영역 | C1: 테스트 클래스 | D1: 테스트 이름 | E1: 대응 TC | F1: 이슈 | G1: 결과
A2: 1 | B2: 런 구성 | C2: RunStateTests | D2: 같은 시드는 같은 방 순서다 | E2: TC-ROOM-05 | F2: #141 | G2: Pass
A3: 2 | B3: 런 구성 | C3: RunStateTests | D3: 한 런에 전투방이 겹치지 않는다 | E3: TC-ROOM-04 | F3: #141 | G3: Pass
A4: 3 | B4: 런 구성 | C4: RunStateTests | D4: 덱 경계에서 같은 방이 연속되지 않는다 | E4: TC-ROOM-07 | F4: #141 | G4: Pass
A5: 4 | B5: 런 구성 | C5: RunStateTests | D5: 시드가 다르면 순서도 달라진다 | E5: TC-ROOM-08 | F5: #141 | G5: Pass
A6: 5 | B6: 전투 수치 | C6: WeaponInstanceTests | D6: 강화 0레벨이면 원본 그대로다 | E6: TC-WPN-05 | F6: #144 | G6: Pass
A7: 6 | B7: 전투 수치 | C7: WeaponInstanceTests | D7: 강화 1레벨에 데미지가 최소 1은 오른다 | E7: TC-WPN-07 | F7: #144 | G7: Pass
A8: 7 | B8: 전투 수치 | C8: WeaponInstanceTests | D8: 원본이 크면 배율이 가드를 이긴다 | E8: TC-WPN-07 | F8: #144 | G8: Pass
A9: 8 | B9: 전투 수치 | C9: WeaponInstanceTests | D9: 강화해도 activeTime 은 안 변한다 | E9: TC-WPN-05 | F9: #144 | G9: Pass
A10: 9 | B10: 전투 수치 | C10: WeaponInstanceTests | D10: 강화하면 선딜과 후딜이 줄어든다 | E10: TC-WPN-05 | F10: #144 | G10: Pass
A11: 10 | B11: 전투 수치 | C11: WeaponInstanceTests | D11: GetAttack 은 원본 SO 를 바꾸지 않는다 | E11: TC-WPN-06 | F11: #144 | G11: Pass
A12: 11 | B12: 전투 수치 | C12: WeaponInstanceTests | D12: 생성자에 음수 레벨을 주면 0 이 된다 | E12: TC-WPN-07 | F12: #144 | G12: Pass
A13: 12 | B13: 전투 수치 | C13: WeaponInstanceTests | D13: Upgrade 는 0 이하를 무시한다 | E13: TC-WPN-07 | F13: #144 | G13: Pass
... A22: 21 | B22: 에셋 데이터 | C22: AssetDataTests | D22: 근접은 높이 제한이 있고 원거리는 없다 | E22: TC-ENM-10 | F22: #146 | G22: Pass
A24: EditMode 테스트 21개. Unity Test Runner 에서 실행하며 씬·플레이 모드가 필요 없다.
A25: 계산 검증은 SerializedObject 로 만든 픽스처를, 데이터 검증은 AssetDatabase 로 읽은 실제 에셋을 쓴다.

Sheet 결함
A1: NO | B1: 이슈 | C1: 제목 | D1: 발견 TC | E1: 발견 세션 | F1: 중요도 | G1: 우선순위 | H1: 재현율 | I1: 첨부
A2: 1 | B2: #153 | C2: 영어 결과 화면에서 요약 텍스트가 안내와 겹친다 | D2: TC-UI-13 | E2: 세션 6 | F2: Major | G2: High | H2: 3/3 | I2: result_en.png · result.png
A3: 2 | B3: #149 | C3: 숫자키로 보상을 고르면 선택 패널이 안 닫힌다 | D3: TC-RUN-10 | E3: 세션 3 | F3: Major | G3: High | H3: 3/3 | I3: reward.png
A4: 3 | B4: #150 | C4: 보스는 공격 예고 색이 보이지 않는다 | D4: TC-ENM-11 | E4: 세션 3 | F4: Major | G4: High | H4: 3/3 | I4: boss.png
A5: 4 | B5: #152 | C5: 해상도를 바꾸면 일시정지 설정창의 위치가 어긋난다 | D5: TC-EDGE-28 | E5: 세션 5 | F5: Minor | G5: Normal | H5: 3/3 | I5: pause.png
A6: 5 | B6: #148 | C6: 조작 안내에 보상 선택 키가 없다 | D6: TC-UI-11 | E6: 세션 1 | F6: Minor | G6: Normal | H6: 3/3 | I6: controls.png · controls_en.png
A7: 6 | B7: #151 | C7: 보상 카드가 2개일 때 오른쪽이 빈 채로 남는다 | D7: TC-UI-12 | E7: 세션 4 | F7: Trivial | G7: Low | H7: 3/3 | I7: reward.png
A8: 7 | B8: #154 | C8: 전투 씬에서 의도한 구성인데 배선 경고가 찍힌다 | D8: TC-BLD-10 | E8: 세션 8 | F8: Trivial | G8: Low | H8: 3/3 | I8: Player.log

Sheet 범위 밖 · 이연
A1: 구분 | B1: 항목 | C1: 사유
A2: 범위 밖 | B2: 게임패드 | C2: 바인딩은 있으나 이번 회전에서 확인하지 않기로 정했다
A3: 범위 밖 | B3: 다른 PC | C3: 테스트 환경이 한 대뿐이다
A4: 범위 밖 | B4: 다른 해상도 모니터 | C4: 2560×1440 하나로만 확인했다
A5: 범위 밖 | B5: 배포 · 설치 | C5: 단독 실행이라 설치 과정이 없다
A6: 범위 밖 | B6: 네트워크 | C6: 싱글플레이다
A7: 이연 | B7: TC-CMB-08 공중 공격 후 착지 | C7: 재현됨. 고치지 않은 근거가 기록에 있다 — 범위가 1차에 없다
A8: 해당 없음 | B8: TC-EDGE-22 정지 중 언어 변경 | C8: 전투 씬 설정에 언어 항목이 없어 조작 자체가 성립하지 않는다
A10: 못 한 것과 안 하기로 한 것은 다르다. 범위 밖은 정한 것이고, 미확인(△)은 0건이다.
